ac_number,constituency,region,district,winning_party_2021,winning_candidate_2021,winning_party_2026,winning_candidate_2026,total_votes_2021,total_votes_2026,Flipped?,winning_party_alliance_2021,winning_party_alliance_2026
1,Gummidipundi,Chennai Metro,Tiruvallur,DMK,GOVINDARAJAN T.J,TVK,S.VIJAYAKUMAR,126452,94320,Yes,DMK+,TVK
2,Ponneri,Chennai Metro,Tiruvallur,INC,DURAI. CHANDRASEKAR,TVK,DR.RAVI.M.S,94528,110439,Yes,DMK+,TVK
3,Tiruttani,Chennai Metro,Tiruvallur,DMK,S.Chandran,AIADMK,G.HARI,120314,89169,Yes,DMK+,AIADMK+
4,Thiruvallur,Chennai Metro,Tiruvallur,DMK,"RAAJENDRAN, V.G.",TVK,DR. T. ARUNKUMAR,107709,92190,Yes,DMK+,TVK
5,Poonamallee,Chennai Metro,Tiruvallur,DMK,Krishnaswamy A,TVK,PRAKASAM.R,149578,161309,Yes,DMK+,TVK
6,Avadi,Chennai Metro,Tiruvallur,DMK,Nasar S M,TVK,R.RAMESH KUMAR,150287,180384,Yes,DMK+,TVK
7,Maduravoyal,Chennai Metro,Tiruvallur,DMK,GANAPATHY.K,TVK,RHEVANTH CHARAN,121298,141725,Yes,DMK+,TVK
8,Ambattur,Chennai Metro,Tiruvallur,DMK,JOSEPH SAMUEL,TVK,BALAMURUGAN.G,114554,133339,Yes,DMK+,TVK
9,Madavaram,Chennai Metro,Tiruvallur,DMK,SUDHARSANAM. S,TVK,M.L.VIJAYPRABHU,151485,190462,Yes,DMK+,TVK
10,Thiruvottiyur,Chennai Metro,Tiruvallur,DMK,K.P.SHANKAR,TVK,SENTHIL KUMAR. N,88185,110067,Yes,DMK+,TVK
11,Dr. Radhakrishnan Nagar,Chennai Metro,Chennai,DMK,EBENEZER. J.J. (@)  JOHN EBENEZER.J,TVK,N. MARIE WILSON,95763,97800,Yes,DMK+,TVK
12,Perambur,Chennai Metro,Chennai,DMK,SHEKAR. R.D,TVK,C. JOSEPH VIJAY,105267,120365,Yes,DMK+,TVK
13,Kolathur,Chennai Metro,Chennai,DMK,M.K. STALIN,TVK,V. S. BABU,105522,82997,Yes,DMK+,TVK
14,Villivakkam,Chennai Metro,Chennai,DMK,A . Vetriazhagan,TVK,AADHAV ARJUNA,76127,66445,Yes,DMK+,TVK
15,Thiru-Vi-Ka-Nagar,Chennai Metro,Chennai,DMK,SIVAKUMAR.P,TVK,M. R. PALLAVI,81727,69125,Yes,DMK+,TVK
16,Egmore,Chennai Metro,Chennai,DMK,I.PARANTHAMEN,TVK,RAJMOHAN,68832,53901,Yes,DMK+,TVK
17,Royapuram,Chennai Metro,Chennai,DMK,MURTHY.R.IDREAM,TVK,K.V. VIJAY DAMU,64424,59091,Yes,DMK+,TVK
18,Harbour,Chennai Metro,Chennai,DMK,SEKARBABU. P.K,DMK,P K SEKARBABU,59317,45254,No,DMK+,DMK+
19,Chepauk-Thiruvallikeni,Chennai Metro,Chennai,DMK,UDHAYANIDHI STALIN,DMK,UDHAYANIDHI STALIN,93285,62992,No,DMK+,DMK+
20,Thousand Lights,Chennai Metro,Chennai,DMK,EZHILAN N,TVK,PRABHAKAR.J.C.D,71867,58965,Yes,DMK+,TVK
21,Anna Nagar,Chennai Metro,Chennai,DMK,M.K. Mohan,TVK,V.K.RAMKUMAR,80054,71375,Yes,DMK+,TVK
22,Virugampakkam,Chennai Metro,Chennai,DMK,AMV.PRABHAKARA RAJA,TVK,SABARINATHAN.R,74351,76092,Yes,DMK+,TVK
23,Saidapet,Chennai Metro,Chennai,DMK,SUBRAMANIAN. MA,TVK,ARUL PRAKASAM. M,80194,81205,Yes,DMK+,TVK
24,Theayagaraya Nagar,Chennai Metro,Chennai,DMK,KARUNANITHI J,TVK,ANAND N,56035,51632,Yes,DMK+,TVK
25,Mylapore,Chennai Metro,Chennai,DMK,VELU.DHA,TVK,VENKATARAMANAN. P,68392,70070,Yes,DMK+,TVK
26,Velachery,Chennai Metro,Chennai,INC,JMH.AASSAN MAULAANA,TVK,KUMAR. R,68493,80430,Yes,DMK+,TVK
27,Shozhinganallur,Chennai Metro,Kanchipuram,DMK,S.ARAVINDRAMESH,TVK,ECR P SARAVANAN,171558,220382,Yes,DMK+,TVK
28,Alandur,Chennai Metro,Kanchipuram,DMK,T.M.Anbarasan,TVK,M.HARISH,116785,112205,Yes,DMK+,TVK
29,Sriperumbudur,Chennai Metro,Kanchipuram,INC,SELVAPERUNTHAGAI,TVK,THENNARASU.K,115353,147611,Yes,DMK+,TVK
30,Pallavaram,Chennai Metro,Kanchipuram,DMK,KARUNANITHI,TVK,J.KAMATCHI,126427,133611,Yes,DMK+,TVK
31,Tambaram,Chennai Metro,Kanchipuram,DMK,Raja.S.R,TVK,D.SARATHKUMAR,116840,118967,Yes,DMK+,TVK
32,Chengalpattu,Chennai Metro,Kanchipuram,DMK,VARALAKSHMI.M,TVK,S. THIYAGARAJAN,130573,137136,Yes,DMK+,TVK
33,Thiruporur,North,Kanchipuram,VCK,S.S.Balaji,TVK,B.VIJAYARAJ,93954,110095,Yes,DMK+,TVK
34,Cheyyur,North,Kanchipuram,VCK,Babu M,AIADMK,RAJASEKAR. E,82750,63809,Yes,DMK+,AIADMK+
35,Maduranthakam,North,Kanchipuram,AIADMK,Maragatham. K,AIADMK,MARAGATHAM KUMARAVEL.K,86646,69284,No,AIADMK+,AIADMK+
36,Uthiramerur,North,Kanchipuram,DMK,SUNDAR K,TVK,MUNIRATHINAM.J,93427,84917,Yes,DMK+,TVK
37,Kancheepuram,North,Kanchipuram,DMK,C.V.M.P. Ezhailzrasan,TVK,R.V. RANJITHKUMAR,102712,91350,Yes,DMK+,TVK
38,Arakonam,North,Vellore,AIADMK,S.RAVI,TVK,V. GANDHIRAJ,85399,73776,Yes,AIADMK+,TVK
39,Sholinghur,North,Vellore,INC,A.M.MUNIRATHINAM,TVK,G.KAPIL,110228,84506,Yes,DMK+,TVK
40,Katpadi,North,Vellore,DMK,DURAIMURUGAN,TVK,DR M SUDHAKAR,85140,69868,Yes,DMK+,TVK
41,Ranipet,North,Vellore,DMK,R.GANDHI,TVK,THAHIRA,103291,91149,Yes,DMK+,TVK
42,Arcot,North,Vellore,DMK,J.L.Eswarappan,AIADMK,S.M.SUKUMAR,103885,105608,Yes,DMK+,AIADMK+
43,Vellore,North,Vellore,DMK,Karthikeyan .P,TVK,M.M.VINOTH KANNAN,84299,73032,Yes,DMK+,TVK
44,Anaikattu,North,Vellore,DMK,A.P.Nandakumar,AIADMK,D.VELAZHAGAN,95159,76302,Yes,DMK+,AIADMK+
45,Kilvaithinankuppam,North,Vellore,AIADMK,M.JAGAN MOORTHY,TVK,THENRAL KUMAR. E,84579,74305,Yes,AIADMK+,TVK
46,Gudiyatham,North,Vellore,DMK,Amulu.V,TVK,K.SINDU,100412,82858,Yes,DMK+,TVK
47,Vaniayambadi,North,Vellore,AIADMK,G.SENDHIL KUMAR,IUML,SYED FAROOQ BASHA SSB,88018,73181,Yes,AIADMK+,DMK+
48,Ambur,North,Vellore,DMK,VILWANATHAN.A.C,DMK,VILWANATHAN. A.C.,90476,74102,No,DMK+,DMK+
49,Jolarpet,North,Vellore,DMK,DEVARAJI.K.,AIADMK,VEERAMANI K.C.,89490,78633,Yes,DMK+,AIADMK+
50,Tiruppattur,North,Vellore,DMK,A. NALLATHAMBI,TVK,DR.THIRUPATHI. N,96522,105098,Yes,DMK+,TVK
51,Uthangarai,North,Krishnagiri,AIADMK,T.M.TAMILSELVAM,TVK,N ELAIYARAJA,99675,70201,Yes,AIADMK+,TVK
52,Bargur,North,Krishnagiri,DMK,MATHIAZHAGAN D,AIADMK,E.C. GOVINDARASAN,97256,71240,Yes,DMK+,AIADMK+
53,Krishnagiri,North,Krishnagiri,AIADMK,Ashokkumar.K,TVK,MUKUNDHAN.P,96050,89374,Yes,AIADMK+,TVK
54,Veppanahalli,North,Krishnagiri,AIADMK,K.P.Munusamy,DMK,SRINIVASAN.P.S,94104,74691,Yes,AIADMK+,DMK+
55,Hosur,North,Krishnagiri,DMK,PRAKAASH Y,AIADMK,BALAKRISHNAREDDY. P,118231,109867,Yes,DMK+,AIADMK+
56,Thalli,North,Krishnagiri,CPI,RAMACHANDRAN.T,CPI,RAMACHANDRAN. T,120641,78283,No,DMK+,DMK+
57,Palacode,North,Dharmapuri,AIADMK,ANBALAGAN.K.P.,AIADMK,ANBALAGAN. K.P.,110070,102807,No,AIADMK+,AIADMK+
58,Pennagaram,North,Dharmapuri,PMK,MANI. G.K,TVK,GAJENDRAN. S.,106123,81240,Yes,AIADMK+,TVK
59,Dharmapuri,North,Dharmapuri,PMK,VENKATESHWARAN.S.P.,PMK,SOWMIYA ANBUMANI,105630,93713,No,AIADMK+,AIADMK+
60,Pappireddippatti,North,Dharmapuri,AIADMK,GOVINDASAMY.A,AIADMK,MARAGATHAM VETRIVEL,114507,101829,No,AIADMK+,AIADMK+
61,Harur,North,Dharmapuri,AIADMK,SAMPATHKUMAR.V,AIADMK,SAMPATHKUMAR. V,99061,75523,No,AIADMK+,AIADMK+
62,Chengam,North,Tiruvannamalai,DMK,GIRI.M.P,AIADMK,S.VELU,108081,87802,Yes,DMK+,AIADMK+
63,Tiruvannamalai,North,Tiruvannamalai,DMK,E V VELU,DMK,VELU. E.V,137876,88273,No,DMK+,DMK+
64,Kilpennathur,North,Tiruvannamalai,DMK,K.Pitchandi,AIADMK,RAMACHANDRAN.S,104675,90503,Yes,DMK+,AIADMK+
65,Kalasapakkam,North,Tiruvannamalai,DMK,Saravanan.P.S.T,AIADMK,AGRI KRISHNAMURTHY. S S,94134,89629,Yes,DMK+,AIADMK+
66,Polur,North,Tiruvannamalai,AIADMK,Agri KRISHNAMURTHY. S S,TVK,ABISHEK. R,97732,67961,Yes,AIADMK+,TVK
67,Arani,North,Tiruvannamalai,AIADMK,S.RAMACHANDRAN,AIADMK,JAYASUDHA. L,102961,76735,No,AIADMK+,AIADMK+
68,Cheyyar,North,Tiruvannamalai,DMK,JOTHI. O,AIADMK,MUKKUR N. SUBRAMANIAN,102460,86680,Yes,DMK+,AIADMK+
69,Vandavasi,North,Tiruvannamalai,DMK,Ambethkumar S,DMK,AMBETHKUMAR. S,102064,63805,No,DMK+,DMK+
70,Gingee,Central,Villupuram,DMK,MASTHAN K S,PMK,GANESHKUMAR A,109625,78201,Yes,DMK+,AIADMK+
71,Mailam,Central,Villupuram,PMK,SIVAKUMAR C,AIADMK,SHANMUGAM C VE,81044,82353,Yes,AIADMK+,AIADMK+
72,Tindivanam,Central,Villupuram,AIADMK,ARJUNAN P,VCK,VANNI ARASU,87152,63833,Yes,AIADMK+,DMK+
73,Vanur,Central,Villupuram,AIADMK,CHAKRAPANI M,DMK,GOWTHAM D,92219,68873,Yes,AIADMK+,DMK+
74,Villupuram,Central,Villupuram,DMK,LAKSHMANAN R,DMK,LAKSHMANAN R,102271,72982,No,DMK+,DMK+
75,Vikravandi,Central,Villupuram,DMK,PUGAZHENTHI N,PMK,SIVAKUMAR C,93730,69727,Yes,DMK+,AIADMK+
76,Tirukkoyilur,Central,Villupuram,DMK,K.PONMUDY,AIADMK,PALANISAMY S,110980,73033,Yes,DMK+,AIADMK+
77,Ulundurpet,Central,Villupuram,DMK,MANIKANNAN A J,DMK,VASANTHAVEL G R,115451,98471,No,DMK+,DMK+
78,Rishivandiam,Central,Villupuram,DMK,KARTHIKEYAN K,DMK,KARTHIKEYAN K,113912,89711,No,DMK+,DMK+
79,Sankarapuram,Central,Villupuram,DMK,UDHAYASURIYAN T,AIADMK,RAKESH R,121186,80250,Yes,DMK+,AIADMK+
80,Kallakurichi,Central,Villupuram,AIADMK,Senthilkumar.M,TVK,ARUL VIGNESH C,110643,81132,Yes,AIADMK+,TVK
81,Gangavalli,Central,Salem,AIADMK,"NALLATHAMBI,A.",AIADMK,NALLATHAMBI. A,89568,73167,No,AIADMK+,AIADMK+
82,Attur,Central,Salem,AIADMK,"JAYASANKARAN, A.P.",AIADMK,JAYASANKARAN. A.P.,95308,80843,No,AIADMK+,AIADMK+
83,Yercaud,Central,Salem,AIADMK,G. Chitra,AIADMK,USHARANI. P,121561,87772,No,AIADMK+,AIADMK+
84,Omalur,Central,Salem,AIADMK,R.MANI,AIADMK,MANI. R,142488,112246,No,AIADMK+,AIADMK+
85,Mettur,Central,Salem,PMK,SADHASIVAM.S,AIADMK,VENKATACHALAM. G,97055,86498,Yes,AIADMK+,AIADMK+
86,Edapadi,Central,Salem,AIADMK,EDAPPADI PALANISWAMI. K,AIADMK,EDAPPADI PALANISWAMI. K,163154,148933,No,AIADMK+,AIADMK+
87,Sankari,Central,Salem,AIADMK,"SUNDARARAJAN, S.",AIADMK,VETRIVEL. S,115472,87342,No,AIADMK+,AIADMK+
88,Salem (West),Central,Salem,PMK,ARUL. R,TVK,LAKSHMANAN.S,105483,120407,Yes,AIADMK+,TVK
89,Salem (North),Central,Salem,DMK,R. RAJENDRAN,TVK,SIVAKUMAR. K,93432,85710,Yes,DMK+,TVK
90,Salem (South),Central,Salem,AIADMK,E.BALASUBRAMANIAN,TVK,VIJAY TAMILAN PARTHIBAN. A,97506,91371,Yes,AIADMK+,TVK
91,Veerapandi,Central,Salem,AIADMK,"RAJAMUTHU, M.",TVK,PALANIVEL. M.S,111682,79907,Yes,AIADMK+,TVK
92,Rasipuram,Central,Namakkal,DMK,MATHIVENTHAN M,TVK,LOGESH TAMILSELVAN D,90727,74808,Yes,DMK+,TVK
93,Sendamangalam,Central,Namakkal,DMK,PONNUSAMY K,TVK,P CHANDRASEKAR,90681,68815,Yes,DMK+,TVK
94,Namakkal,Central,Namakkal,DMK,RAMALINGAM P,TVK,DILIP C S,106494,79744,Yes,DMK+,TVK
95,Paramathi-Velur,Central,Namakkal,AIADMK,SEKAR S,AIADMK,SEKAR S,86034,61349,No,AIADMK+,AIADMK+
96,Tiruchengode,Central,Namakkal,DMK,ESWARAN E R,TVK,ARUNRAJ K G,81688,79500,Yes,DMK+,TVK
97,Kumarapalayam,Central,Namakkal,AIADMK,THANGAMANI.P,TVK,C.VIJAYALAKSHMI,100800,81179,Yes,AIADMK+,TVK
98,Erode (East),Kongu,Erode,INC,"THIRUMAHAN EVERAA,E.",TVK,M.VIJAY BALAJI,67300,69747,Yes,DMK+,TVK
99,Erode (West),Kongu,Erode,DMK,Muthusamy S,TVK,ANANTH MOGHAN K.K.,100757,96836,Yes,DMK+,TVK
100,Modakurichi,Kongu,Erode,BJP,SARASWATHI.C,TVK,D.SHANMUGAN,78125,60715,Yes,AIADMK+,TVK
101,Dharapuram,Kongu,Erode,DMK,KAYALVIZHI N,AIADMK,SATHYABAMA.P,89986,81100,Yes,DMK+,AIADMK+
102,Kangayam,Kongu,Erode,DMK,SAMINATHAN.M.P,AIADMK,NSN NATARAJ,94197,71122,Yes,DMK+,AIADMK+
103,Perundurai,Kongu,Erode,AIADMK,"JAYAKUMAR, S.",AIADMK,JAYAKUMAR. S,85125,70302,No,AIADMK+,AIADMK+
104,Bhavani,Kongu,Erode,AIADMK,KARUPPANAN.K.C,AIADMK,KARUPPANAN. K.C,100915,75577,No,AIADMK+,AIADMK+
105,Anthiyur,Kongu,Erode,DMK,VENKATACHALAM.A.G,AIADMK,HARIBASKAR.P,79096,60042,Yes,DMK+,AIADMK+
106,Gobichettipalayam,Kongu,Tirupur,AIADMK,SENGOTTAIYAN K.A,TVK,SENGOTTAIYAN.K.A,108608,82612,Yes,AIADMK+,TVK
107,Bhavanisagar,Kongu,Tirupur,AIADMK,A.Bannari,TVK,V.P.TAMILSELVI,99181,72391,Yes,AIADMK+,TVK
108,Udhagamandalam,Kongu,Tirupur,INC,"GANESH, R.",BJP,BHOJARAJAN.M,65530,48488,Yes,DMK+,AIADMK+
109,Gudalur,Kongu,Tirupur,AIADMK,PON.JAYASEELAN,DMK,DHRAVIDAMANI.M,64496,65590,Yes,AIADMK+,DMK+
110,Coonoor,Kongu,Tirupur,DMK,"Ramachandran, K.",DMK,M. RAJU,61820,50470,No,DMK+,DMK+
111,Mettupalayam,Kongu,Tirupur,AIADMK,SELVARAJ A K,TVK,SUNILANAND,105231,75664,Yes,AIADMK+,TVK
112,Avanashi,Kongu,Tirupur,AIADMK,"DHANAPAL, P",TVK,KAMALI.S,117284,84209,Yes,AIADMK+,TVK
113,Tiruppur (North),Kongu,Tirupur,AIADMK,VIJEYAKUMAR.K.N,TVK,V.SATHYABAMA,113384,131401,Yes,AIADMK+,TVK
114,Tiruppur (South),Kongu,Nilgiris,DMK,SELVARAJ. K.,TVK,BALAMURUGAN. S,75535,73793,Yes,DMK+,TVK
115,Palladam,Kongu,Nilgiris,AIADMK,ANANDAN M S M,TVK,K.RAMKUMAR,126903,121297,Yes,AIADMK+,TVK
116,Sulur,Kongu,Nilgiris,AIADMK,KANDASAMY V.P.,TVK,NM.SUKUMAR,118968,90531,Yes,AIADMK+,TVK
117,Kavundampalayam,Kongu,Coimbatore,AIADMK,G.Arunkumar,TVK,KANIMOZHI SANTHOSH,135669,146466,Yes,AIADMK+,TVK
118,Coimbatore North,Kongu,Coimbatore,AIADMK,AMMAN K.ARJUNAN,TVK,V. SAMPATHKUMAR,81454,92500,Yes,AIADMK+,TVK
119,Thondamuthur,Kongu,Coimbatore,AIADMK,S.P. VELUMANI,AIADMK,S.P.VELUMANI,124225,93316,No,AIADMK+,AIADMK+
120,Coimbatore South,Kongu,Coimbatore,BJP,VANATHI SRINIVASAN,DMK,V SENTHILBALAJI,53209,59724,Yes,AIADMK+,DMK+
121,Singanallur,Kongu,Coimbatore,AIADMK,"Jayaram, K.R",TVK,K.S.SRI GIRI PRASATH,81244,84163,Yes,AIADMK+,TVK
122,Kinathukadavu,Kongu,Coimbatore,AIADMK,Damodaran.S,TVK,VIGNESH K,101537,99950,Yes,AIADMK+,TVK
123,Pollachi,Kongu,Coimbatore,AIADMK,Pollachi V. Jayaraman,DMK,K. NITHYANANDHAN,80567,62013,Yes,AIADMK+,DMK+
124,Valparai,Kongu,Coimbatore,AIADMK,AMULKANDASAMI T K,DMK,KUTTY (ALIAS) SUDHAKAR. A,71672,54671,Yes,AIADMK+,DMK+
125,Udumalpet,Kongu,Coimbatore,AIADMK,"Radhakrishnan,K.",DMK,JAYAKUMAR M.,96893,68549,Yes,AIADMK+,DMK+
126,Madathukulam,Kongu,Coimbatore,AIADMK,C MAHENDRAN,DMK,R JAYARAMAKRISHNAN,84313,70458,Yes,AIADMK+,DMK+
127,Palani,South,Dindigul,DMK,SENTHIL KUMAR I.P,AIADMK,RAVIMANOHARAN. K,108566,66986,Yes,DMK+,AIADMK+
128,Oddanchatram,South,Dindigul,DMK,SAKKARAPANI R,DMK,SAKKARAPANI. R,109970,93099,No,DMK+,DMK+
129,Athoor,South,Dindigul,DMK,PERIYASAMY I,DMK,I. PERIASAMY,165809,106240,No,DMK+,DMK+
130,Nilakottai,South,Dindigul,AIADMK,S.Thenmozhi,TVK,AYYANAR.R,91461,68580,Yes,AIADMK+,TVK
131,Natham,South,Dindigul,AIADMK,NATHAM.R.VISWANATHAN,AIADMK,NATHAM VISWANATHAN R,107762,85708,No,AIADMK+,AIADMK+
132,Dindigul,South,Dindigul,AIADMK,SREENIVASAN.C,DMK,SENTHILKUMAR. I.P,90595,74489,Yes,AIADMK+,DMK+
133,Vedasandur,South,Dindigul,DMK,GANDHIRAJAN S,DMK,SAMINATHAN. T,106481,84948,No,DMK+,DMK+
134,Aravakurichi,Kongu,Karur,DMK,ELANGO. R,DMK,ELANGO. R,93369,70827,No,DMK+,DMK+
135,Karur,Kongu,Karur,DMK,SENTHILBALAJI V,AIADMK,M.R. VIJAYABHASKAR,101757,71542,Yes,DMK+,AIADMK+
136,Krishnarayapuram,Kongu,Karur,DMK,SIVAGAMA SUNDARI.K,TVK,SATHYA. M,96540,62378,Yes,DMK+,TVK
137,Kulithalai,Kongu,Karur,DMK,R.Manickam,DMK,SURIYANUR. A. CHANDRAN,100829,68138,No,DMK+,DMK+
138,Manapparai,Delta,Tiruchirappalli,DMK,ABDUL SAMAD P,TVK,R. KATHIRAVAN,98077,83041,Yes,DMK+,TVK
139,Srirangam,Delta,Tiruchirappalli,DMK,Palaniyandi.M,TVK,RAMESH,113904,103235,Yes,DMK+,TVK
140,Tiruchirapalli (West),Delta,Tiruchirappalli,DMK,"Nehru, K.N.",DMK,K.N.NEHRU,118133,88235,No,DMK+,DMK+
141,Tiruchirapalli (East),Delta,Tiruchirappalli,DMK,"INIGO IRUDAYARAJ,S.",TVK,C. JOSEPH VIJAY,94302,91381,Yes,DMK+,TVK
142,Thiruverambur,Delta,Tiruchirappalli,DMK,ANBIL MAHESH POYYAMOZHI,TVK,VIJAYAKUMAR (A) NAVALPATTU S. VIJI,105424,89837,Yes,DMK+,TVK
143,Lalgudi,Delta,Tiruchirappalli,DMK,A.SOUNDARAPANDIAN,AIADMK,LEEMAROSE MARTIN,84914,60795,Yes,DMK+,AIADMK+
144,Manachanallur,Delta,Tiruchirappalli,DMK,S. KATHIRAVAN,DMK,KATHIRAVAN. S,116334,81447,No,DMK+,DMK+
145,Musiri,Delta,Tiruchirappalli,DMK,N. Thiyagarajan,TVK,M.VIGNESH,90624,71281,Yes,DMK+,TVK
146,Thuraiyur,Delta,Tiruchirappalli,DMK,S.STALINKUMAR,TVK,RAVISANKAR.M,87786,66263,Yes,DMK+,TVK
147,Perambalur,Central,Perambalur,DMK,"PRABHAHARAN, M.",TVK,SIVAKUMAR. K,122090,90882,Yes,DMK+,TVK
148,Kunnam,Central,Perambalur,DMK,"SIVASANKAR, S.S.",DMK,SIVASANKAR. S.S,103922,87237,No,DMK+,DMK+
149,Ariyalur,Central,Ariyalur,DMK,CHINNAPPA K,AIADMK,RAJENDRAN S,103975,95219,Yes,DMK+,AIADMK+
150,Jayankondam,Central,Ariyalur,DMK,KANNAN KA SO KA,PMK,VAITHILINGAM G.,99529,88992,Yes,DMK+,AIADMK+
151,Tittakudi,Central,Cuddalore,DMK,"GANESAN,  C.V.",DMK,GANESAN C.V,83726,63106,No,DMK+,DMK+
152,Vriddhachalam,Central,Cuddalore,INC,Radhakrishnan,DMDK,PREMALLATHA VIJAYAKANT,77064,69351,Yes,DMK+,DMK+
153,Neyveli,Central,Cuddalore,DMK,SABA.RAJENDRAN,AIADMK,RAJENDRAN.R,75177,63731,Yes,DMK+,AIADMK+
154,Panruti,Central,Cuddalore,DMK,VELMURUGAN.T,AIADMK,MOHAN. K,93801,78398,Yes,DMK+,AIADMK+
155,Cuddalore,Central,Cuddalore,DMK,G.IYAPPAN,TVK,B.RAJKUMAR,84563,70856,Yes,DMK+,TVK
156,Kurinjipadi,Central,Cuddalore,DMK,M.R.K.PANNEERSELVAM,DMK,M.R.K.PANNEERSELVAM,101456,76695,No,DMK+,DMK+
157,Bhuvanagiri,Central,Cuddalore,AIADMK,Arunmozhithevan. A,AIADMK,ARUNMOZHITHEVAN . A,96453,75707,No,AIADMK+,AIADMK+
158,Chidambaram,Central,Cuddalore,AIADMK,K.A. PANDIAN,DMK,THAMIMUN ANSARI. M,91961,69739,Yes,AIADMK+,DMK+
159,Kattumannarkoil,Central,Cuddalore,VCK,SINTHANAI SELVAN,VCK,L.E. JOTHIMANI,86056,85179,No,DMK+,DMK+
160,Sirkali,Delta,Nagapattinam,DMK,PANNEERSELVAM,DMK,SENTHILSELVAN.R,94057,71449,No,DMK+,DMK+
161,Mayiladuthurai,Delta,Nagapattinam,INC,Rajakumar.S,INC,JAMAL MOHAMED YOUNOOS. Y.N,73642,68011,No,DMK+,DMK+
162,Poompuhar,Delta,Nagapattinam,DMK,Nivedha M. Murugan,DMK,NIVEDHA M MURUGAN,96102,81096,No,DMK+,DMK+
163,Nagapattinam,Delta,Nagapattinam,VCK,J. Mohamed Shanavas,DMK,M.H.JAWAHIRULLAH,66281,56305,Yes,DMK+,DMK+
164,Kilvelur,Delta,Nagapattinam,CPI(M),NAGAIMAALI V P,CPI(M),LATHA. T,67988,56108,No,DMK+,DMK+
165,Vedaranyam,Delta,Nagapattinam,AIADMK,O.S.MANIAN,AIADMK,MANIAN. O.S,78719,59172,No,AIADMK+,AIADMK+
166,Thiruthuraipundi,Delta,Tiruvarur,CPI,MARIMUTHU K,CPI,MARIMUTHU.K,97092,74062,No,DMK+,DMK+
167,Mannargudi,Delta,Tiruvarur,DMK,RAJAA T R B,AMMK,KAMARAJ. S,87172,68416,Yes,DMK+,AIADMK+
168,Thiruvarur,Delta,Tiruvarur,DMK,KALAIVANAN  POONDI  K.,DMK,KALAIVANAN POONDI  K,108906,93408,No,DMK+,DMK+
169,Nannilam,Delta,Tiruvarur,AIADMK,KAMARAJ R,AIADMK,KAMARAJ. R,103637,103462,No,AIADMK+,AIADMK+
170,Thiruvidamarudur,Delta,Thanjavur,DMK,"CHEZHIAAN,  GOVI.",DMK,GOVI.CHEZHIAAN,95763,79951,No,DMK+,DMK+
171,Kumbakonam,Delta,Thanjavur,DMK,"ANBALAGAN, G.",TVK,VINOTH,96057,78650,Yes,DMK+,TVK
172,Papanasam,Delta,Thanjavur,DMK,"Dr.JAWAHIRULLAH, M.H.",IUML,A.M. SHAHJAHAN,86567,69284,Yes,DMK+,DMK+
173,Thiruvaiyaru,Delta,Thanjavur,DMK,DURAI.CHANDRASEKARAN,DMK,DURAI. CHANDRASEKARAN,103210,80425,No,DMK+,DMK+
174,Thanjavur,Delta,Thanjavur,DMK,"NEELAMEGAM, T.K.G.",TVK,R. VIJAYSARAVANAN,103772,87705,Yes,DMK+,TVK
175,Orathanad,Delta,Thanjavur,AIADMK,"VAITHILINGAM, R.",DMK,R. VAITHILINGAM,90063,86759,Yes,AIADMK+,DMK+
176,Pattukkottai,Delta,Thanjavur,DMK,"ANNADURAI, K.",DMK,ANNADURAI K,79065,65963,No,DMK+,DMK+
177,Peravurani,Delta,Thanjavur,DMK,"ASHOKKUMAR, N.",DMK,ASHOKKUMAR. N,89130,60919,No,DMK+,DMK+
178,Gandharvakottai,Delta,Pudukkottai,CPI(M),M.Chinnadurai,TVK,N. SUBRAMANIAN,69710,58795,Yes,DMK+,TVK
179,Viralimalai,Delta,Pudukkottai,AIADMK,VIJAYA BASKER C,AIADMK,VIJAYABASKAR. C,102179,105773,No,AIADMK+,AIADMK+
180,Pudukkottai,Delta,Pudukkottai,DMK,V . MUTHURAJA,DMK,V. MUTHURAJA,85802,66825,No,DMK+,DMK+
181,Thirumayam,Delta,Pudukkottai,DMK,S.REGUPATHY,DMK,REGUPATHY.S,71349,58201,No,DMK+,DMK+
182,Alangudi,Delta,Pudukkottai,DMK,SIVA.V.MEYYANATHAN,DMK,SIVA.V.MEYYANATHAN,87935,64929,No,DMK+,DMK+
183,Arantangi,Delta,Pudukkottai,INC,RAMACHANDRAN T,TVK,MOHAMED FARVAS. J,81835,73244,Yes,DMK+,TVK
184,Karaikudi,South,Sivaganga,INC,S.Mangudi,TVK,DR.PRABHU. TK,75954,101358,Yes,DMK+,TVK
185,Tiruppattur,South,Sivaganga,DMK,KR.PERIYAKARUPPAN,TVK,SEENIVASA SETHUPATHY. R,103682,83375,Yes,DMK+,TVK
186,Sivaganga,South,Sivaganga,AIADMK,PR. Senthilnathan,TVK,KULANTHAI RANI A,82153,73737,Yes,AIADMK+,TVK
187,Manamadurai,South,Sivaganga,DMK,Tamilarasi A.,TVK,ELANGOVAN.D,89364,69971,Yes,DMK+,TVK
188,Melur,South,Madurai,AIADMK,PERIYAPULLAN @ SELVAM  P.,INC,P.VISWANATHAN,83344,60080,Yes,AIADMK+,DMK+
189,Madurai East,South,Madurai,DMK,MOORTHY P,TVK,KARTHIKEYAN S,122729,118777,Yes,DMK+,TVK
190,Sholavandan,South,Madurai,DMK,VENKATESAN A,TVK,KARUPPAIAH.M.V,84240,63907,Yes,DMK+,TVK
191,Madurai North,South,Madurai,DMK,THALAPATHI G,TVK,A.KALLANAI,73010,72853,Yes,DMK+,TVK
192,Madurai South,South,Madurai,DMK,BOOMINATHAN.M,TVK,M.M.GOPISON,62812,62415,Yes,DMK+,TVK
193,Madurai Central,South,Madurai,DMK,PALANIVEL THIAGA RAJAN,TVK,MADHAR BADHURUDEEN,73205,63414,Yes,DMK+,TVK
194,Madurai West,South,Madurai,AIADMK,RAJU. K,TVK,THANGAPANDI SR,83883,88250,Yes,AIADMK+,TVK
195,Thiruparankundram,South,Madurai,AIADMK,"RAJANCHELLAPPA, V.V.",TVK,NIRMALKUMAR. R.,103683,114316,Yes,AIADMK+,TVK
196,Thirumangalam,South,Madurai,AIADMK,UDHAYAKUMAR R B,DMK,MANIMARAN.M,100338,88291,Yes,AIADMK+,DMK+
197,Usilampatti,South,Madurai,AIADMK,AYYAPPAN P,TVK,VIJAY. M,71255,65743,Yes,AIADMK+,TVK
198,Andipatti,South,Theni,DMK,A.MAHARAJAN,DMK,MAHARAJAN.A,93541,74324,No,DMK+,DMK+
199,Periyakulam,South,Theni,DMK,K.S.SARAVANAKUMAAR,TVK,SABARI IYNGARAN G.,92251,85656,Yes,DMK+,TVK
200,Bodinayakanur,South,Theni,AIADMK,O.PANNEERSELVAM,DMK,PANNEERSELVAM.O,100050,85206,Yes,AIADMK+,DMK+
201,Cumbum,South,Theni,DMK,N.Ramakrishnan,TVK,JEGANATHMISHRA PLA,104800,85394,Yes,DMK+,TVK
202,Rajapalayam,South,Virudhunagar,DMK,THANGAPANDIAN S.,TVK,JEGADESHWARI. K,74158,65548,Yes,DMK+,TVK
203,Srivilliputhur,South,Virudhunagar,AIADMK,"MANRAJ, E.M.",TVK,KARTHIK.A,70475,65653,Yes,AIADMK+,TVK
204,Sattur,South,Virudhunagar,DMK,"RAGHURAMAN,  A.R.R.",DMK,KADARKARAIRAJ. A,74174,62060,No,DMK+,DMK+
205,Sivakasi,South,Virudhunagar,INC,Ashokan.G,TVK,KEERTHANA S,78947,68709,Yes,DMK+,TVK
206,Virudhunagar,South,Virudhunagar,DMK,SEENIVASAN A.R.R,TVK,SELVAM P,73297,63653,Yes,DMK+,TVK
207,Aruppukottai,South,Virudhunagar,DMK,K.K.S.S.R.RAMACHANDRAN,DMK,RAMACHANDRAN. K.K.S.S.R,91040,65104,No,DMK+,DMK+
208,Tiruchuli,South,Virudhunagar,DMK,THANGAM THENARASU,DMK,THANGAM THENARASU,102225,75085,No,DMK+,DMK+
209,Paramakudi,South,Ramanathapuram,DMK,MURUGESAN S,DMK,ADVOCATE. KATHIRAVAN. K.K,84864,59161,No,DMK+,DMK+
210,Tiruvadanai,South,Ramanathapuram,INC,KARUMANICKAM,TVK,RAJEEV,79364,69551,Yes,DMK+,TVK
211,Ramanathapuram,South,Ramanathapuram,DMK,KATHARBATCHA MUTHURAMALINGAM,DMK,KATHARBATCHA MUTHURAMALINGAM,111082,89137,No,DMK+,DMK+
212,Mudukulathur,South,Ramanathapuram,DMK,R.S.RAJAKANNAPPAN,DMK,R.S.RAJAKANNAPPAN,101901,68003,No,DMK+,DMK+
213,Vilathikulam,South,Thoothukudi,DMK,MARKANDAYAN V,DMK,MARKANDAYAN G V,90348,58395,No,DMK+,DMK+
214,Thoothukkudi,South,Thoothukudi,DMK,P.Geetha Jeevan,TVK,SRINATH,92314,100536,Yes,DMK+,TVK
215,Tiruchendur,South,Thoothukudi,DMK,Anitha R. Radhakrishnan,DMK,ANITHA R. RADHAKRISHNAN,88274,72723,No,DMK+,DMK+
216,Srivaikuntam,South,Thoothukudi,INC,Amirtharaj .S,TVK,SARAVANAN. G,76843,58814,Yes,DMK+,TVK
217,Ottapidaram,South,Thoothukudi,DMK,SHUNMUGAIAH C,TVK,P .MATHANRAJA,73110,81625,Yes,DMK+,TVK
218,Kovilpatti,South,Thoothukudi,AIADMK,KADAMBUR RAJU,DMK,KARUNANITHI.K,68556,61643,Yes,AIADMK+,DMK+
219,Sankarankovil,South,Tirunelveli,DMK,RAJA E,AIADMK,DR. DHILIPAN JAISHANKAR,71347,64865,Yes,DMK+,AIADMK+
220,Vasudevanallur,South,Tirunelveli,DMK,"SADHAN THIRUMALAIKUMAR, DOCTOR.T",DMK,E. RAJA,68730,63045,No,DMK+,DMK+
221,Kadayanallur,South,Tirunelveli,AIADMK,C.KRISHNAMURALI,DMK,RAJENDRAN. T. M,88474,79832,Yes,AIADMK+,DMK+
222,Tenkasi,South,Tirunelveli,INC,PALANI NADAR.S,DMK,DR.KALAI KATHIRAVAN,89315,79699,Yes,DMK+,DMK+
223,Alangulam,South,Tirunelveli,AIADMK,PAUL MANOJ PANDIAN,DMK,PAUL MANOJ PANDIAN,74153,69170,Yes,AIADMK+,DMK+
224,Tirunelveli,South,Tirunelveli,BJP,Nainar Nagenthran,TVK,MURUGHAN.R.S.,92282,75840,Yes,AIADMK+,TVK
225,Ambasamudram,South,Tirunelveli,AIADMK,E.SUBAYA,AIADMK,DR.ESAKKI SUBAYA,85211,65589,No,AIADMK+,AIADMK+
226,Palayamcottai,South,Tirunelveli,DMK,ABDUL WAHAB .M,DMK,M.ABDUL WAHAB,89117,79744,No,DMK+,DMK+
227,Nanguneri,South,Tirunelveli,INC,RUBY R MANOHARAN,TVK,REDDIARPATTI V. NARAYANAN,75902,74952,Yes,DMK+,TVK
228,Radhapuram,South,Tirunelveli,DMK,M.Appavu,TVK,DR.SATHISH CHRISTOPHER,82331,69947,Yes,DMK+,TVK
229,Kanniyakumari,South,Kanniyakumari,AIADMK,THALAVAI SUNDARAM N.,AIADMK,THALAVAI SUNDARAM. N,109745,75045,No,AIADMK+,AIADMK+
230,Nagercoil,South,Kanniyakumari,BJP,Gandhi M.R.,DMK,AUSTIN,88804,69880,Yes,AIADMK+,DMK+
231,Colachel,South,Kanniyakumari,INC,Prince J.G.,INC,THARAHAI CUTHBERT,90681,66207,No,DMK+,DMK+
232,Padmanabhapuram,South,Kanniyakumari,DMK,"Mano Thangaraj, T.",CPI(M),CHELLASWAMY. R,87744,68938,Yes,DMK+,DMK+
233,Vilavancode,South,Kanniyakumari,INC,VIJAYADHARANI S,INC,PRAVEEN T.T,87473,70755,No,DMK+,DMK+
234,Killiyoor,South,Kanniyakumari,INC,RAJESH KUMAR  S,INC,RAJESH KUMAR. S,101541,66434,No,DMK+,DMK+
